"","country","group","subgroup","m 0-4","m 5-9","m 10-14","m  15-19","m 20-24","m 25-29","m 30-34","m 35-39","m 40-44","m 45-49","m 50-54","m 55-59","m 60-64","m 65-69","m 70-74","m 75+","f 0-4","f 5-9","f 10-14","f  15-19","f 20-24","f 25-29","f 30-34","f 35-39","f 40-44","f 45-49","f 50-54","f 55-59","f 60-64","f 65-69","f 70-74","f 75+"
"11","Burundi","Africa","Eastern Africa",9574,8651,8288,9030,12316,18285,23164,20116,15031,10537,8541,6482,5474,3889,1556,2333,10025,9359,9207,10560,15134,21456,23746,18945,14279,10325,8096,5879,5142,3845,1537,2308
"12","Comoros","Africa","Eastern Africa",247,352,446,516,577,758,821,777,630,504,401,272,185,116,47,68,353,492,607,643,660,836,887,815,638,481,351,224,156,109,43,67
"13","Djibouti","Africa","Eastern Africa",3543,4438,6463,8560,9115,8962,6794,4737,2837,2320,2050,1777,1393,672,337,244,1892,2899,5261,8864,11155,10123,6878,3583,1798,1407,1206,1071,847,523,260,212
"14","Eritrea","Africa","Eastern Africa",385,335,437,612,801,884,787,623,424,277,195,175,139,78,31,45,333,290,382,537,712,792,711,566,384,252,181,163,131,88,35,63
"15","Ethiopia","Africa","Eastern Africa",41272,44185,54443,71389,77813,74627,61129,46834,34803,26075,20367,16729,14741,11439,4576,6862,35977,38717,47823,62842,69020,66864,55182,42539,31650,24112,19223,15794,14263,12049,4819,7232
"16","Kenya","Africa","Eastern Africa",9432,11378,14750,22655,17884,17509,14519,11915,9178,7840,6341,5088,4115,3218,2322,2708,8184,10102,13230,20056,15885,15907,12334,9394,6867,5863,4842,3877,3383,2590,1796,2130
"17","Madagascar","Africa","Eastern Africa",467,500,475,665,951,893,779,765,928,1198,1322,1253,990,738,670,754,775,788,585,661,895,978,923,803,746,750,660,523,365,298,344,475
"18","Malawi","Africa","Eastern Africa",76753,65246,59561,64862,58236,51855,41527,32424,24988,17060,15043,12879,10621,3974,2859,8632,90821,76203,67066,69384,58947,50627,40029,31251,24084,16441,14809,13213,11139,4324,3126,9740
"19","Mauritius","Africa","Eastern Africa",155,187,154,96,105,146,156,147,129,99,85,65,69,61,38,71,165,201,150,103,119,184,197,164,131,90,70,54,57,49,36,80
"20","Mayotte","Africa","Eastern Africa",455,440,577,839,1135,1252,1136,926,636,290,335,309,270,92,34,54,483,463,589,729,853,854,730,567,365,161,187,183,165,55,19,46
"21","Mozambique","Africa","Eastern Africa",8742,6837,4904,8124,13839,6817,3524,3058,2418,2189,1764,1358,948,690,399,449,8793,6506,4792,6363,10935,5240,3100,2643,1974,1672,1268,996,708,549,334,399
"22","Réunion","Africa","Eastern Africa",1142,2661,3474,2705,1956,2827,3130,3232,2478,2115,1891,1272,701,438,270,432,1092,2586,3296,2509,1780,2570,2807,2752,1993,1574,1328,849,466,309,212,363
"23","Rwanda","Africa","Eastern Africa",4203,4454,4755,6135,9282,11348,10919,8928,6123,4109,2900,2059,1890,1440,1122,1023,4418,4909,5438,6506,8687,9338,8511,6825,5357,4220,3430,2747,1986,2106,2047,2654
"24","Seychelles","Africa","Eastern Africa",96,96,92,74,152,269,346,315,235,157,115,99,63,40,28,27,96,93,81,57,107,186,231,200,134,86,64,59,39,31,25,28
"25","Somalia","Africa","Eastern Africa",43118,30460,22023,15741,16716,22059,23347,22545,17131,11140,8030,4529,3913,1589,907,953,44674,32126,28046,21697,20993,22643,18805,14828,10260,6519,4890,2972,2814,1172,787,867
"27","Uganda","Africa","Eastern Africa",23224,36768,19251,14847,13922,17068,19431,19128,21520,20815,21631,13707,13885,8841,9806,16240,23175,36396,18589,16520,17445,21292,22626,18921,18367,15508,16444,8784,11485,6046,7483,9142
"28","United Republic of Tanzania","Africa","Eastern Africa",20154,23364,21464,24447,23675,29487,26829,23587,15672,15187,13009,12337,7918,7584,7215,11461,22182,24996,23644,27612,27897,33708,27544,23435,16405,14068,13004,9972,6157,5187,5062,9762
"29","Zambia","Africa","Eastern Africa",9801,10954,12625,13833,14566,14308,13050,11032,9284,8051,6971,5783,6033,3258,1304,1954,9859,10993,12637,13747,14369,14073,12884,10830,8769,7115,5886,4812,4959,2644,1057,1588
"30","Zimbabwe","Africa","Eastern Africa",15166,17714,21127,24677,37219,47084,46109,35167,29777,23601,18666,13559,11810,5176,2070,3106,16471,19154,22688,24734,32656,35462,30719,21354,17066,13455,11272,9297,9869,5298,2119,3179
"32","Angola","Africa","Middle Africa",662,1122,1709,2006,1933,1860,1824,1471,1220,1147,1045,759,567,304,228,285,694,1216,1898,2307,2171,1704,1254,843,672,631,574,420,362,231,173,225
"33","Cameroon","Africa","Middle Africa",6495,9345,13258,16615,17811,17958,15859,12188,9317,7122,5587,4327,4090,2778,1111,1666,5727,8179,11481,14096,14902,15025,13268,10196,7794,5958,4298,2933,2593,1683,673,1011
"34","Central African Republic","Africa","Middle Africa",4024,3745,3449,3393,3602,3681,3301,2664,2105,1642,1252,955,734,555,278,306,4152,3610,3144,3088,3292,3203,2740,2159,1695,1299,931,694,566,468,233,274
"35","Chad","Africa","Middle Africa",2791,3969,4459,3973,3566,3642,3385,2868,2395,2096,1777,1388,1485,1170,468,701,2233,3464,4266,4243,3981,3799,3104,2306,1715,1335,1010,731,781,620,248,373
"36","Congo","Africa","Middle Africa",4721,3716,4086,4746,6182,7527,7616,6835,5332,3830,2790,2280,2012,1373,549,823,4821,4161,5020,5944,7054,7614,7240,6330,4949,3567,2515,1948,1699,1158,463,696
"37","Democratic Republic of the Congo","Africa","Middle Africa",41231,43139,41178,38323,34751,31467,26668,22429,18918,16016,14125,12850,8896,6081,2987,4058,41827,44973,38320,38147,40422,36819,30868,26457,22430,18568,15510,13226,9732,5995,3415,4368
"38","Equatorial Guinea","Africa","Middle Africa",107,77,58,70,110,145,159,159,144,119,91,76,61,43,20,26,157,116,83,89,119,138,135,118,85,59,41,38,30,21,14,32
"39","Gabon","Africa","Middle Africa",6419,6091,5856,5841,6768,8075,8440,7278,5682,4114,2960,2084,1562,943,377,563,6472,5767,5209,4881,5335,5954,5763,4538,3347,2379,1676,1186,988,711,284,437
"40","Sao Tome and Principe","Africa","Middle Africa",111,124,197,190,129,115,139,267,396,392,278,155,106,89,113,152,121,212,226,223,172,152,143,198,232,229,162,109,90,76,110,174
"42","Algeria","Africa","Northern Africa",9726,9711,9673,10378,12966,15090,14939,13215,11083,8870,7540,7058,6142,5226,3920,4697,7603,7419,7267,8375,10876,13084,13103,11244,9344,7967,6844,5836,4795,3754,2815,3394
"43","Egypt","Africa","Northern Africa",9717,9113,8717,9454,12034,8876,6378,6093,5420,4660,3746,2454,2201,1534,614,917,10328,9480,8879,8511,9242,6415,4898,4742,4057,3577,3082,2253,2368,1968,787,1193
"44","Libya","Africa","Northern Africa",11372,9764,9235,14485,24576,34553,36640,32357,24893,17538,11208,7330,5168,1722,1068,798,21261,18721,22136,28956,34104,30281,20297,12281,7298,4690,3311,3115,3547,1703,1476,1191
"45","Morocco","Africa","Northern Africa",2201,2027,2151,2296,2331,2338,2362,2338,2213,1982,1645,1250,975,933,977,1005,1778,1579,1599,1680,1802,1930,1996,1965,1873,1752,1576,1323,1139,1179,1323,1377
"46","Sudan","Africa","Northern Africa",85736,95040,74974,69121,60992,68308,55692,45121,29083,22055,23137,24205,20200,7669,6021,9031,85680,95206,76148,70611,62751,70560,57524,46416,29670,22387,23378,24299,19459,7137,6012,9273
"47","Tunisia","Africa","Northern Africa",988,1044,1083,1292,1855,2274,2239,1952,1609,1246,1006,763,564,363,257,365,970,1032,1071,1214,1675,2115,2206,1995,1675,1334,1099,846,669,432,303,448
"48","Western Sahara","Africa","Northern Africa",65,67,66,60,127,201,217,185,148,102,78,56,40,22,12,19,62,63,61,66,114,180,182,144,106,71,55,39,29,19,11,21
"50","Botswana","Africa","Southern Africa",1283,1235,1053,882,1136,1719,2248,2171,1783,1194,796,476,322,126,77,113,1343,1219,1008,719,788,1156,1365,1073,739,527,355,215,160,89,61,79
"51","Lesotho","Africa","Southern Africa",381,333,295,281,355,461,539,475,376,287,214,152,73,37,29,30,383,332,297,303,392,448,440,348,273,216,164,119,62,37,34,74
"52","Namibia","Africa","Southern Africa",3595,4868,6236,7732,6695,5091,4566,4156,3774,3313,2743,2369,2147,2052,2159,2252,3617,4526,4638,5661,5711,4716,4061,3655,3215,2780,2365,2166,2159,2284,2583,2756
"53","South Africa","Africa","Southern Africa",13194,17609,22083,38475,83101,108743,96124,85791,69599,55725,41233,27695,22833,17401,7036,10585,15820,20899,23828,31871,49022,49330,43539,42062,35812,30386,24502,21252,21174,18664,7379,11116
"54","Swaziland","Africa","Southern Africa",3900,4669,4018,3890,3826,3885,3476,2591,2203,1849,1340,973,676,501,500,695,3446,4083,3401,3169,3144,3261,2910,2142,1831,1563,1153,843,590,444,453,660
"56","Benin","Africa","Western Africa",3792,2848,3480,4963,5734,4875,4042,2997,1953,1398,815,782,794,604,453,562,3837,3049,3912,5310,5532,4151,3102,2094,1267,857,475,472,578,547,410,527
"57","Burkina Faso","Africa","Western Africa",16077,42237,33354,24366,14662,10462,6967,5273,3859,2806,2340,1750,1426,1129,452,676,15868,41036,32136,25445,17732,14274,9925,7390,5177,3564,2774,2016,1688,1397,558,841
"58","Cabo Verde","Africa","Western Africa",205,406,593,812,686,596,499,259,109,58,48,40,54,32,13,19,197,393,578,786,653,591,555,306,118,56,46,40,67,58,23,35
"59","Côte d'Ivoire","Africa","Western Africa",27394,30809,32825,74482,141287,171680,151163,122592,90244,65541,44138,27561,17322,9449,4137,1125,33323,40941,47489,99568,155462,147384,105727,69811,42738,26207,15306,8993,6188,3488,1588,464
"60","Gambia","Africa","Western Africa",5995,5015,4012,6008,7866,9552,7972,4994,4039,3226,2698,1579,1263,860,492,735,5918,5334,4656,7028,7718,7185,4855,2614,1836,1412,1106,644,515,406,231,359
"61","Ghana","Africa","Western Africa",12039,12474,10474,8913,6218,5447,4531,3878,3707,3025,2522,1862,1987,1614,1448,2891,11843,12681,10983,9524,6767,5895,4861,3991,3509,2683,2132,1524,1485,1054,959,1930
"62","Guinea","Africa","Western Africa",20697,24043,28571,24002,20114,17364,14758,12296,10363,8480,7241,6635,2849,1528,1075,1244,22400,23463,27121,23390,20254,17535,14536,11736,9711,7930,6817,6320,4611,2509,1872,2156
"63","Guinea-Bissau","Africa","Western Africa",1085,972,899,817,676,672,607,507,340,284,231,154,181,127,64,73,1052,960,931,960,884,787,577,409,256,214,173,122,139,97,48,70
"64","Liberia","Africa","Western Africa",5271,5301,5157,5793,6537,6556,5422,4364,3141,2161,1447,924,626,454,376,394,5723,5858,5932,4959,4372,3770,2851,2160,1518,1076,774,542,419,353,337,396
"65","Mali","Africa","Western Africa",12685,5649,9953,9793,6750,5746,5667,4611,4521,3442,3280,2381,2047,1553,1494,2477,11601,4998,8723,9289,7249,6729,6709,4992,4548,3072,2750,1959,1703,1322,1161,1882
"66","Mauritania","Africa","Western Africa",6953,7925,4343,6098,5829,7010,5895,4433,2512,1743,1522,1213,927,548,266,352,7154,5728,5776,5039,6863,6856,5148,3045,2103,1552,1472,1068,846,476,408,547
"67","Niger","Africa","Western Africa",3349,4617,4048,4372,4984,5670,5679,5079,4181,3424,2780,1985,1663,1191,995,1205,3443,5075,4890,6356,7800,7910,6650,5150,3728,2734,1896,1248,1061,818,643,840
"68","Nigeria","Africa","Western Africa",57410,27737,14769,15316,22387,31197,27861,20250,14386,8408,6842,2976,2845,1073,1105,1604,55543,26119,14346,14959,20583,23806,16287,10076,6323,3887,3096,1498,1492,640,711,1089
"70","Senegal","Africa","Western Africa",7629,9708,12819,14146,15575,15432,13400,11143,9894,8044,6992,5567,3418,1872,1444,1757,7472,8159,9916,14231,17474,16963,14834,10801,7757,5982,5008,3619,3178,1955,1778,2443
"71","Sierra Leone","Africa","Western Africa",14396,16325,13311,12487,12980,13175,11153,7832,6226,4853,3319,2167,1296,979,974,1580,14927,16045,12266,10127,9309,9060,7437,4943,4043,3327,2341,1561,956,778,767,1302
"72","Togo","Africa","Western Africa",5346,6045,6280,4496,3804,3726,3226,2831,2026,1631,1192,661,596,424,196,423,6115,6369,6067,4490,4088,3935,2838,2197,1467,1239,944,514,568,387,258,465
"75","Kazakhstan","Asia","Central Asia",43741,54208,70519,88017,95830,108340,128781,158235,181260,165751,146508,128878,125911,82198,35197,52790,52179,65263,85067,101086,104483,118737,148216,180690,186304,155010,146147,147845,132328,123626,82416,123639
"76","Kyrgyzstan","Asia","Central Asia",10563,13220,14868,16537,16792,18897,22328,24275,23257,20408,17660,16511,15120,14278,7140,8562,10968,13805,15715,18974,21323,25889,31189,33971,33042,29743,26660,25826,23898,24597,12297,14770
"77","Tajikistan","Asia","Central Asia",5128,6335,8244,9693,9866,10793,12888,15650,16928,15489,13294,12261,13018,12876,13024,12641,4826,6065,7907,9940,10931,12779,15859,19519,21209,19516,17071,16451,18730,19632,20469,19868
"78","Turkmenistan","Asia","Central Asia",3685,4724,5849,6937,7578,8342,9529,11168,11989,11039,9511,8647,8957,8772,7808,9639,3688,4318,5600,7121,8479,10045,11902,14051,15082,13976,12194,11550,12881,13518,13105,14816
"79","Uzbekistan","Asia","Central Asia",19374,24754,31424,37100,38034,41227,49012,59721,65417,60773,52651,48233,48743,45938,43645,57572,19201,22411,29794,37696,42106,49094,60518,74265,81333,76043,66721,63653,69219,69857,76640,90831
"81","China","Asia","Eastern Asia",9907,9103,10797,14249,19224,21681,21465,19165,15099,11047,8944,8427,7947,5960,3576,5363,9841,8864,10358,14439,21171,24288,21802,17234,12472,8811,7219,7100,7234,5426,3255,4893
"82","China, Hong Kong Special Administrative Region","Asia","Eastern Asia",10257,17399,25438,39969,41686,62066,97869,108125,121236,102132,102900,110785,105088,71301,51424,56869,9996,15752,21528,35595,43665,70113,101871,99441,104336,84038,85898,99335,95650,74594,60270,91847
"83","China, Macao Special Administrative Region","Asia","Eastern Asia",1308,2520,4819,6321,7222,10891,15127,13262,9599,5643,4548,3992,3678,2832,2152,2465,1165,2226,4324,7684,13823,15505,15849,11824,7936,4529,3699,4189,4612,3967,3074,4262
"84","Democratic People's Republic of Korea","Asia","Eastern Asia",960,800,745,967,1521,1854,1985,1901,1564,1134,911,860,759,603,402,427,950,773,710,976,1671,2073,2013,1706,1287,903,731,721,681,631,421,463
"85","Japan","Asia","Eastern Asia",25476,31087,33258,41338,64826,72771,60435,52178,44737,34170,26346,19603,14068,8774,7617,11302,23823,29289,31639,41354,66288,72896,58084,48676,40761,31293,25038,18900,13386,9586,6499,10128
"86","Mongolia","Asia","Eastern Asia",179,177,158,176,419,370,326,306,330,322,246,171,88,64,49,38,174,172,150,167,397,351,309,291,312,306,234,163,79,79,59,56
"87","Republic of Korea","Asia","Eastern Asia",1402,1780,1859,1612,1933,2170,2761,2447,2345,1702,1290,1046,765,525,264,310,1374,1812,1852,1426,1319,1782,2177,1765,1440,1108,833,672,471,307,230,238
"89","Brunei Darussalam","Asia","South-Eastern Asia",1835,1638,1244,1278,4513,6806,7447,6376,4517,2223,1393,826,641,430,294,395,1686,1424,1163,1123,4020,5314,5243,4033,2542,1442,1053,804,490,380,260,367
"90","Cambodia","Asia","South-Eastern Asia",798,2413,3219,2586,2132,1975,1540,1178,911,665,486,420,363,269,55,74,660,2239,3333,2882,2359,2035,1479,1102,850,617,456,409,381,318,62,109
"91","Indonesia","Asia","South-Eastern Asia",17379,16467,17314,18704,19996,21544,23424,22924,20873,16666,13172,8797,6159,3080,1540,1846,19372,18835,20328,22225,23657,24294,24291,21635,18259,13681,10692,7577,5303,2651,1325,1602
"92","Lao People's Democratic Republic","Asia","South-Eastern Asia",903,1094,1249,1316,1386,1359,1111,815,614,529,463,369,272,164,66,96,1042,1234,1376,1332,1264,1135,889,630,463,390,342,292,263,199,79,130
"93","Malaysia","Asia","South-Eastern Asia",23429,21863,32479,55404,70721,65025,49057,32942,19922,11573,6907,4476,3065,2627,3019,3299,23172,20424,27041,42760,49289,41809,30010,19525,11515,6586,4036,2836,2254,2294,3027,3534
"94","Myanmar","Asia","South-Eastern Asia",3139,3716,5051,6826,8215,8836,8217,7136,5609,4629,3373,2636,1778,1311,722,1116,2879,3390,3492,5492,7302,8168,7364,6124,4558,3646,2569,2004,1351,987,611,1298
"95","Philippines","Asia","South-Eastern Asia",6334,5840,5342,5158,5355,5754,6087,6163,6012,5711,5095,4165,3534,3496,3631,3670,7573,6912,6130,5608,5438,5370,5078,4518,3953,3537,3157,2773,2678,3029,3419,3551
"96","Singapore","Asia","South-Eastern Asia",7638,8827,11224,15573,25038,34651,34059,32369,29739,25618,23790,23702,21101,18461,13652,20400,6912,7940,10414,15919,29209,43732,42730,38315,33511,27628,24326,20693,18184,16666,15816,29425
"97","Thailand","Asia","South-Eastern Asia",10483,16073,23886,29726,36820,40535,32368,24341,18507,13742,10394,7466,5436,4573,4597,4539,11100,18648,26427,30398,34521,34869,25465,17326,11713,7624,5306,4154,3825,4132,4784,4915
"98","Timor-Leste","Asia","South-Eastern Asia",498,325,244,249,394,506,537,508,406,278,178,128,109,48,20,22,437,302,258,313,568,734,665,476,283,156,91,69,70,32,17,33
"99","Viet Nam","Asia","South-Eastern Asia",1177,1424,1624,1704,1786,1744,1423,1043,785,676,592,472,352,214,86,128,1215,1439,1604,1553,1473,1324,1037,735,540,455,399,341,307,233,93,140
"101","Afghanistan","Asia","Southern Asia",2135,2143,2471,2795,3305,3760,3644,3103,2431,1839,1446,1199,1077,605,242,363,1541,1634,2013,2550,3154,3360,2911,2208,1581,1158,886,728,650,377,150,227
"102","Bangladesh","Asia","Southern Asia",31403,28641,76115,140693,170617,136264,75766,37899,22749,13598,8587,6112,5614,2697,1079,1618,13503,9773,19675,23597,19801,13100,7397,4375,3110,2223,1558,1281,1327,722,288,435
"103","Bhutan","Asia","Southern Asia",275,317,371,888,5361,3720,2456,2111,1347,1015,574,330,231,164,114,135,205,203,195,303,1039,514,372,394,300,268,181,125,103,63,49,84
"104","India","Asia","Southern Asia",19179,30805,89200,166291,233696,299005,335597,356031,333260,302014,253527,207850,180184,175032,179013,753712,17941,28040,79132,147929,215189,284546,315287,317297,283957,253481,215165,182263,166584,161820,174682,735495
"105","Iran (Islamic Republic of)","Asia","Southern Asia",122280,145442,236268,321417,365567,354729,269071,174138,107949,87849,72076,69845,53952,38060,15225,22832,116287,129046,195239,245753,262778,245491,183684,121006,78818,67233,55368,51012,37040,23068,9226,13852
"106","Maldives","Asia","Southern Asia",259,242,232,221,405,636,639,559,478,347,253,175,120,85,48,78,252,218,205,202,368,557,528,438,356,249,177,118,79,61,37,67
"107","Nepal","Asia","Southern Asia",5792,9374,11802,12099,11914,12558,11675,11452,8807,8093,6057,4986,4508,2997,1726,2126,5712,8697,12248,28955,41921,42765,37697,30857,24568,19924,13922,10620,10793,6809,3842,4678
"108","Pakistan","Asia","Southern Asia",317244,295243,265024,248350,235625,231590,226980,223308,204858,176565,139607,113898,94720,84540,85472,321356,304004,282103,249375,228956,215434,211810,204607,194093,172991,146660,115690,96415,82803,73254,77266,288363
"109","Sri Lanka","Asia","Southern Asia",1054,1241,1067,904,663,834,1119,1275,1983,2154,2398,2229,2000,1626,1319,1557,1005,1183,1016,866,853,967,1119,1165,1381,1416,1471,1471,1279,1067,843,1036
"111","Armenia","Asia","Western Asia",8251,7928,10903,17667,16790,16317,18228,24494,31930,28927,24199,20229,19825,10754,4794,9299,7712,7677,11000,19471,21074,23433,28180,37438,47591,43369,36877,31151,30528,16683,8102,17968
"112","Azerbaijan","Asia","Western Asia",5307,6508,8326,9749,9778,10561,12637,15549,16886,15395,13276,12429,11329,4502,3002,2622,4882,6184,8203,10340,11502,13563,16791,20459,22163,20448,17816,16970,16308,7602,5067,4446
"113","Bahrain","Asia","Western Asia",5853,4874,3225,2095,9377,21411,28326,22109,12857,6437,3426,1579,688,230,112,131,5504,4567,2949,1940,5735,8813,8691,5932,3171,1456,813,397,226,114,86,88
"114","Cyprus","Asia","Western Asia",877,1851,2400,2356,2033,1797,1706,1571,1328,932,809,730,815,555,349,354,993,1853,2180,2402,2406,2333,2221,1947,1568,1060,908,839,992,620,453,567
"115","Georgia","Asia","Western Asia",7615,7384,8085,8779,8565,8332,9237,11265,12937,12636,11443,10439,10162,8130,5691,7394,6607,6628,7551,8925,9861,10904,12960,15637,17537,17225,15846,14593,14870,11896,8327,10839
"116","Iraq","Asia","Western Asia",1347,3650,6062,7142,6901,6627,6090,5322,3732,2586,1942,1537,1112,851,340,510,784,2182,3710,4063,3616,2936,2233,1732,1481,1271,1112,914,701,575,230,347
"117","Israel","Asia","Western Asia",7850,21734,26579,29297,34968,42359,51034,59310,69740,72768,64964,66827,61886,59515,42295,59651,7566,20630,24825,27702,34842,45076,56282,65432,78285,81428,72416,75107,71771,68324,51349,80892
"118","Jordan","Asia","Western Asia",90063,80288,61185,52210,54873,46932,39487,33256,28668,23411,19762,18215,14501,10068,6362,7192,86161,76872,58743,49927,52077,44541,37777,31773,27111,21958,18645,17407,14073,9767,6109,6935
"119","Kuwait","Asia","Western Asia",70457,74087,63244,58447,41071,49105,72213,63969,51055,46114,29445,16982,8929,4881,2147,2732,65309,68393,57805,51149,31772,27665,28305,26185,19914,15865,10660,6143,4940,2700,1188,1520
"120","Lebanon","Asia","Western Asia",34076,31212,27226,27388,29250,26445,21395,16494,13127,10664,8942,8071,5860,2868,2043,2861,32728,30080,26482,26216,27319,24727,20507,15746,12052,9477,8131,7712,5973,3142,2276,3203
"121","Oman","Asia","Western Asia",7483,6838,4206,1990,16581,48167,52991,46722,30636,15608,7334,2503,934,245,131,108,6898,6171,3740,1634,5411,10963,10977,7701,4080,1922,887,453,312,167,104,103
"122","Qatar","Asia","Western Asia",15512,13365,10921,8018,17082,29263,39779,35160,25364,15182,9077,3912,1756,872,447,222,12444,10597,8049,4961,7878,9676,9843,7572,5088,3022,1905,1080,740,503,302,161
"123","Saudi Arabia","Asia","Western Asia",193553,176003,122837,91181,246345,598280,689422,520404,331803,177826,97275,39641,22028,7640,5408,5227,235570,214126,152221,82155,142599,230416,237349,172486,91660,46683,26777,14459,10515,5527,5081,5948
"124","State of Palestine","Asia","Western Asia",7128,14058,15801,15463,13268,10216,6752,5049,5001,5659,6181,6296,7287,5421,3749,4772,6408,13139,15411,16286,15809,14357,11254,9006,8193,7881,7783,7864,7399,6315,4277,4849
"125","Syrian Arab Republic","Asia","Western Asia",22249,18234,13181,10124,29938,63169,71059,58160,39249,21269,10720,3946,1729,475,374,201,21844,17671,13111,10677,32417,66636,68867,54908,30754,16885,8737,4191,2040,644,452,229
"126","Turkey","Asia","Western Asia",34049,39407,59436,74107,77747,74188,58402,40491,27060,21300,18481,17249,16073,5846,4848,8645,29004,33820,54003,71660,81615,81203,65284,44519,29256,22155,18744,17252,16586,6224,5333,9699
"127","United Arab Emirates","Asia","Western Asia",47530,49475,42578,32351,89138,123882,167696,150995,105534,69642,32001,13423,4392,1901,816,692,42675,43941,36652,21572,43737,49164,48099,36550,26508,12580,5713,3080,1630,1164,727,736
"128","Yemen","Asia","Western Asia",7464,9243,6417,6597,7015,6753,5736,4670,3858,3251,2573,1628,732,540,216,317,8781,9486,5709,4897,4457,3918,3228,2651,2236,1883,1485,1030,656,714,285,437
"131","Belarus","Europe","Eastern Europe",14930,17332,26061,38993,48725,60787,59417,54426,45260,42642,39883,35552,34374,21540,10231,21868,13679,16743,26551,41479,55182,70048,66928,60121,51178,48760,44554,40313,45991,27193,22342,45894
"132","Bulgaria","Europe","Eastern Europe",549,584,709,816,1073,1105,1213,1121,715,382,241,193,127,70,69,80,516,537,645,754,1022,1162,1480,1673,1495,1077,644,422,322,219,204,291
"133","Czech Republic","Europe","Eastern Europe",320,815,1237,1372,2109,3042,3972,4370,4713,5976,5769,7012,4788,4335,3692,3883,234,594,898,1027,1598,2346,3154,3742,4132,5094,4588,5708,4796,4181,4380,6517
"134","Hungary","Europe","Eastern Europe",5980,6421,8344,10750,13566,12889,12116,10309,8768,7595,7696,10010,9293,7868,7752,16828,5374,5863,7771,10613,14353,14093,13204,11375,10138,9128,9318,12446,12698,11426,12285,31240
"135","Poland","Europe","Eastern Europe",7048,9744,10968,10706,13579,15168,16496,16518,17760,23840,48600,57402,59881,52755,40566,81145,9042,12530,13920,13128,16109,18008,19900,19492,19510,25001,52930,70313,78907,74954,63420,138431
"136","Republic of Moldova","Europe","Eastern Europe",7865,6663,9316,12485,13311,13110,14524,18475,23163,25031,22198,17379,13773,11499,10370,20454,7682,5773,8248,11299,12475,13038,15476,20871,27275,30698,28791,24434,21460,19785,18982,38259
"137","Romania","Europe","Eastern Europe",421,180,187,266,374,413,598,505,609,4409,7888,8988,8136,8076,6318,10233,407,149,162,268,396,255,364,504,576,4826,8957,10608,10047,11102,9454,20149
"138","Russian Federation","Europe","Eastern Europe",103939,237614,387191,430666,496365,565652,602165,663638,584993,504434,285126,275428,204051,104131,79703,130326,95318,219429,359987,398139,449929,501844,527646,585381,529594,477256,317919,370550,340433,195776,179328,320997
"139","Slovakia","Europe","Eastern Europe",165,421,482,668,853,1036,1096,1307,1762,1223,982,1111,2543,1534,1214,1790,145,384,452,648,871,1123,1215,1422,1893,1367,1193,1499,3604,2229,1955,3108
"140","Ukraine","Europe","Eastern Europe",44222,91763,147421,173848,183934,207239,248028,282442,287531,271125,239172,195782,155390,137868,129430,158408,42582,89912,149674,184213,203900,239205,295007,343310,354699,338087,305220,268716,247055,258703,272840,346194
"142","Channel Islands","Europe","Northern Europe",274,471,636,848,1819,3036,3116,2815,2766,2938,2898,2038,1473,1216,1045,1616,261,493,621,934,2479,3549,3365,3175,2871,2962,2883,1926,1538,1390,1327,2881
"143","Denmark","Europe","Northern Europe",3177,5712,6214,7344,12218,16471,14755,11008,10134,8951,5777,3673,2723,2085,1586,2583,3322,6359,6977,8812,12096,12796,12005,10391,9357,7624,5950,4831,4617,4280,3247,8114
"144","Estonia","Europe","Northern Europe",2303,4059,5127,9142,10891,16043,18782,17753,13473,15457,17249,14413,13006,6241,3982,3770,2239,4081,4962,5146,8945,16321,20208,19556,15191,17398,20987,19677,20503,13200,8339,13553
"145","Faeroe Islands","Europe","Northern Europe",120,164,218,258,319,335,253,213,215,161,55,50,23,19,18,19,107,142,176,200,231,253,174,115,126,99,66,38,26,31,28,33
"146","Finland","Europe","Northern Europe",1323,3039,3934,3601,3328,3050,2855,2351,1867,1609,1033,748,577,841,644,882,1282,2939,3792,3482,3075,2698,2403,1785,1290,1174,904,793,850,1207,1178,2721
"147","Iceland","Europe","Northern Europe",309,427,434,441,435,463,392,366,281,234,181,122,90,41,25,7,285,421,452,525,566,644,539,465,313,249,201,166,155,110,102,143
"148","Ireland","Europe","Northern Europe",3338,7128,10044,14178,13865,12824,10681,9133,6673,5754,4321,3752,3052,2675,2050,2625,3068,6558,9270,13632,13978,13309,11072,9428,6784,5814,4394,3907,3508,3235,2752,5159
"149","Isle of Man","Europe","Northern Europe",231,530,767,873,952,1157,1317,1306,1179,1316,1192,1110,1029,913,941,1558,215,499,726,864,999,1241,1376,1354,1241,1392,1271,1222,1263,1065,1141,2529
"150","Latvia","Europe","Northern Europe",649,1990,4613,7301,8489,11020,17141,27619,34644,34346,31090,28393,25974,20910,18903,17718,534,1697,4043,6475,7871,10978,18053,29659,37384,38099,35318,33343,32675,32021,31381,35676
"151","Lithuania","Europe","Northern Europe",4600,3597,4103,5181,8083,13833,17771,17223,14741,12306,10874,11014,13753,10806,7933,8767,3844,3012,3475,4483,7272,12877,16930,16557,14491,12508,11602,12891,17558,15572,13979,17622
"152","Norway","Europe","Northern Europe",2769,4805,4610,5350,9570,14234,13504,11191,9895,7645,4455,3205,2668,2651,1386,1624,2499,4617,4692,5342,8735,11860,11006,8977,7884,6449,4267,3492,3590,3290,2217,4108
"153","Sweden","Europe","Northern Europe",4937,9583,13956,19830,24870,37312,42503,42537,41496,34284,30129,25132,19483,14101,10758,12174,6100,12110,17645,25187,30930,39564,40772,38743,37168,32504,29296,25210,18212,16269,14720,21252
"154","United Kingdom of Great Britain and Northern Ireland","Europe","Northern Europe",32048,54667,62008,79568,124603,172311,192267,179477,151323,126133,136490,120982,107943,97784,58667,60177,30331,51333,57916,78356,146186,189043,202509,190535,174804,140549,134641,119394,118930,100925,64867,93519
"156","Albania","Europe","Southern Europe",1802,1914,2322,2675,3524,3654,4057,3818,2532,1416,885,688,463,263,257,309,1466,1526,1833,2143,2905,3303,4207,4756,4250,3061,1831,1199,914,623,581,836
"157","Andorra","Europe","Southern Europe",500,850,980,978,1610,2562,2751,2391,1936,1368,1118,985,949,646,462,724,491,823,940,950,1527,2261,2278,1885,1506,1099,949,872,856,549,424,684
"158","Bosnia and Herzegovina","Europe","Southern Europe",1274,750,799,1151,1338,1590,1988,2492,2630,2566,2272,2158,1922,1537,830,1241,1021,608,658,1033,1396,1859,2379,2888,2994,2882,2535,2399,2301,1841,1062,1606
"159","Croatia","Europe","Southern Europe",1952,3886,5853,8354,12406,19901,24925,26350,23352,18567,23757,19868,14700,8568,3895,6197,1835,3757,5599,8562,16220,25589,29051,29012,25441,18220,21590,18746,16526,13012,6876,12871
"160","Gibraltar","Europe","Southern Europe",302,264,250,253,394,555,585,524,442,319,232,166,117,59,30,36,287,258,255,267,419,550,543,461,370,258,186,131,91,45,22,38
"161","Greece","Europe","Southern Europe",20794,24738,29362,28662,29455,31580,27705,24684,23454,19770,18347,14760,12317,5070,4774,14566,14554,18314,22870,23135,25945,31740,29951,25703,21833,16642,14072,11062,10076,4020,4289,13895
"163","Italy","Europe","Southern Europe",20846,29237,43942,68793,90777,92258,66745,43960,29416,23940,26989,21974,20924,19978,19667,22968,20485,28799,43314,67470,89428,94417,74771,57669,44994,38166,41081,32724,34716,31311,32274,54186
"164","Malta","Europe","Southern Europe",410,615,723,868,921,727,535,391,352,294,217,204,187,164,205,199,373,574,713,916,1066,921,682,477,411,349,279,272,250,216,275,291
"166","Portugal","Europe","Southern Europe",3920,9826,19648,44995,33309,22980,19126,14839,9579,6795,6042,5535,4840,3228,2335,2925,3750,9439,19103,44497,33484,23701,20409,16653,11119,8142,7432,7123,6581,4782,4051,5594
"167","San Marino","Europe","Southern Europe",76,79,78,78,150,236,250,217,174,121,92,65,46,27,16,23,80,81,79,77,147,233,242,188,138,92,72,52,39,24,16,22
"168","Serbia","Europe","Southern Europe",1442,1861,2125,2522,2594,2935,3392,3943,4330,4692,3861,2600,3318,1793,2242,3062,1265,1645,1921,2395,2656,3247,3938,4623,5013,5354,4375,3015,3895,2168,2890,4157
"169","Slovenia","Europe","Southern Europe",435,827,1386,2089,3527,5165,6341,9443,12870,14127,9859,7050,6389,4555,2585,2866,430,859,1502,2164,3345,5032,6629,10466,12882,12779,8368,5900,5536,4561,3466,4644
"170","Spain","Europe","Southern Europe",13361,22550,32302,46034,48502,45511,32457,27000,21946,17708,14470,13589,15277,13212,8857,17672,13365,22288,31841,45669,50589,50133,37205,31199,25265,20285,16635,15853,18204,16790,11699,24137
"171","The former Yugoslav Republic of Macedonia","Europe","Southern Europe",1891,1359,1024,1367,1886,2224,2874,3499,3770,3842,3908,3661,3103,2216,1670,1367,1769,1285,1048,1660,2755,3370,4227,4933,5232,5282,5391,5113,4352,3318,2959,2787
"173","Austria","Europe","Western Europe",5889,11623,17020,20442,23590,31451,39138,40372,36449,32209,28931,24116,20278,14441,6488,15850,6083,11796,17017,21167,26267,35981,41918,39916,35613,32664,30282,27174,27268,24455,11667,35684
"174","Belgium","Europe","Western Europe",33390,35643,35156,36375,42077,48660,47790,41909,35238,27685,25270,22545,18542,12213,9018,8934,31706,34146,33953,35008,38650,40831,36585,30521,25530,20547,19369,17599,16317,10273,8360,11697
"175","France","Europe","Western Europe",24640,53835,87111,119244,164136,225744,296834,329241,335439,282529,244166,214621,174562,154499,119194,173581,22782,50801,83605,115844,163638,231106,301713,312091,286641,222747,190667,175912,175905,145133,132372,286934
"176","Germany","Europe","Western Europe",22880,63312,132072,198576,305310,383377,428282,419076,360898,279355,198831,153211,107102,69006,74297,97543,17102,47639,100359,156952,252366,320951,349378,329597,281821,223425,161011,122668,85813,47338,53328,93305
"177","Liechtenstein","Europe","Western Europe",432,432,412,394,469,516,525,537,557,550,407,224,160,164,97,80,369,365,356,365,476,551,517,439,375,322,226,135,111,140,103,100
"178","Luxembourg","Europe","Western Europe",1484,1922,2116,2623,4554,6289,6591,6233,6283,4694,3881,2875,2342,1591,1114,1470,1452,1884,2089,2614,4581,6272,6405,5801,5680,4255,3683,3089,2877,2336,1901,2814
"179","Monaco","Europe","Western Europe",242,256,270,308,399,544,686,767,794,774,813,734,613,647,551,1073,248,259,273,327,450,620,762,824,817,786,848,814,733,834,752,1541
"180","Netherlands","Europe","Western Europe",9989,18092,24890,39233,54171,70069,71012,63571,59954,43526,39037,26148,21379,21420,15363,14489,11357,21015,28925,45790,61966,68788,63300,53900,50016,38363,35254,24335,19893,21324,16468,29226
"181","Switzerland","Europe","Western Europe",10909,18407,22555,28941,56607,86578,90722,77126,71249,66249,63236,45151,27732,19364,9951,6333,10188,17737,21103,26349,49357,71388,72416,66691,65038,61209,63364,48922,38386,29392,20116,29516
"184","Anguilla","Latin America and the Caribbean","Caribbean",120,99,91,100,128,142,139,123,96,66,46,38,34,15,13,8,131,109,99,105,128,141,145,128,89,55,40,38,38,25,22,19
"185","Antigua and Barbuda","Latin America and the Caribbean","Caribbean",577,355,260,396,625,785,671,566,416,257,221,173,182,117,75,99,658,409,296,434,651,823,738,617,409,231,211,188,213,133,86,157
"186","Aruba","Latin America and the Caribbean","Caribbean",327,421,428,356,440,616,641,621,496,352,316,299,299,237,246,334,304,406,435,392,520,772,850,872,710,506,446,393,378,286,268,477
"187","Bahamas","Latin America and the Caribbean","Caribbean",452,259,302,605,1056,1464,1707,1757,1558,1003,986,810,662,535,218,453,492,281,324,584,946,1321,1619,1731,1520,911,800,620,580,508,347,444
"188","Barbados","Latin America and the Caribbean","Caribbean",333,554,766,956,1036,1038,960,864,737,584,436,345,315,388,278,475,345,612,889,1158,1431,1654,1660,1499,1248,1016,767,628,610,141,99,202
"189","Bonaire, Sint Eustatius and Saba","Latin America and the Caribbean","Caribbean",677,1002,1021,952,1291,2184,2351,2142,1769,1215,842,609,482,361,236,123,677,1028,1063,1038,1512,2741,3031,2802,2320,1566,1073,775,610,331,156,430
"190","British Virgin Islands","Latin America and the Caribbean","Caribbean",209,205,221,209,410,628,628,501,406,237,155,102,86,39,26,64,200,200,223,221,430,622,602,457,347,203,133,88,69,31,21,62
"191","Cayman Islands","Latin America and the Caribbean","Caribbean",170,186,235,260,445,654,661,543,471,322,242,158,121,78,42,34,148,200,225,311,428,702,740,629,445,319,209,144,99,59,27,80
"192","Cuba","Latin America and the Caribbean","Caribbean",226,215,349,226,337,328,338,458,485,611,940,2127,2775,2752,2516,2595,224,221,370,259,460,480,475,650,750,988,1450,2677,2626,1976,1806,1865
"194","Dominica","Latin America and the Caribbean","Caribbean",182,212,136,68,56,81,104,101,92,60,59,49,35,25,17,32,206,254,163,84,65,78,76,59,51,34,33,27,20,15,12,33
"195","Dominican Republic","Latin America and the Caribbean","Caribbean",26770,19539,17710,17544,16944,14901,13296,11301,9074,7547,5867,4521,3978,3445,3081,6159,16484,12057,10952,10675,10124,8773,7902,6817,5501,4490,3442,2594,2283,2065,1768,3547
"196","Grenada","Latin America and the Caribbean","Caribbean",232,444,283,121,101,139,131,144,124,85,67,65,57,48,30,35,244,444,271,119,107,168,162,153,131,97,70,53,35,34,21,48
"197","Guadeloupe","Latin America and the Caribbean","Caribbean",1466,2892,3384,3081,2635,3206,3392,3419,2855,2254,1589,931,698,486,213,217,1253,2594,3179,2928,2682,3548,3915,3819,3105,2321,1496,833,547,339,254,413
"198","Haiti","Latin America and the Caribbean","Caribbean",984,615,347,321,559,810,1067,1339,1339,1085,801,552,387,194,98,108,648,456,293,332,628,894,1053,992,843,720,579,423,295,147,72,103
"199","Jamaica","Latin America and the Caribbean","Caribbean",942,886,780,699,776,875,759,580,525,464,416,404,384,365,431,695,876,834,741,684,780,1065,897,689,500,433,399,412,391,371,448,974
"200","Martinique","Latin America and the Caribbean","Caribbean",1041,2040,2421,2026,1842,1871,1751,1606,1273,976,827,533,305,265,179,135,1051,2078,2426,1966,1762,1898,1907,1771,1351,994,823,542,326,293,236,190
"201","Montserrat","Latin America and the Caribbean","Caribbean",63,55,48,63,104,137,136,106,75,54,41,31,32,29,25,30,67,59,50,67,104,131,126,101,67,42,32,26,22,23,24,43
"202","Puerto Rico","Latin America and the Caribbean","Caribbean",8238,14137,16769,21252,21150,18324,16206,10441,6119,4330,3948,3629,3193,2258,1485,1875,8380,13318,16892,22046,23255,21543,19770,12643,7252,5012,4476,4144,3423,2396,1683,2322
"203","Saint Kitts and Nevis","Latin America and the Caribbean","Caribbean",128,173,175,113,103,127,123,123,98,95,81,78,66,47,44,68,124,160,164,105,107,145,130,116,90,90,69,63,48,42,39,76
"204","Saint Lucia","Latin America and the Caribbean","Caribbean",178,254,247,217,206,252,278,233,186,120,98,80,77,74,50,66,199,260,248,223,216,275,307,257,190,107,84,71,72,70,47,63
"205","Saint Vincent and the Grenadines","Latin America and the Caribbean","Caribbean",158,242,149,134,140,184,179,168,146,90,68,46,50,52,46,76,156,242,150,132,154,214,209,170,139,94,74,49,49,54,56,100
"207","Trinidad and Tobago","Latin America and the Caribbean","Caribbean",1092,1002,1016,1183,1521,1701,1757,1890,1889,1648,1366,1510,2153,1508,1129,1163,1076,1003,1035,1245,1686,2035,2277,2528,2443,1998,1570,1644,2220,1542,1326,1510
"208","Turks and Caicos Islands","Latin America and the Caribbean","Caribbean",212,216,185,157,197,282,321,310,240,161,110,91,74,29,20,15,202,214,207,187,245,321,301,255,171,110,71,58,45,22,18,15
"209","United States Virgin Islands","Latin America and the Caribbean","Caribbean",1114,1342,1647,1967,2330,2674,2795,2647,2128,1584,1113,905,789,629,526,634,1093,1333,1675,2056,2518,2998,3227,3062,2401,1722,1185,943,934,757,571,671
"211","Belize","Latin America and the Caribbean","Central America",686,1239,1596,1695,1828,1786,1692,1459,1181,834,659,495,424,305,229,285,706,1237,1547,1570,1640,1568,1433,1148,873,598,468,353,295,211,158,206
"212","Costa Rica","Latin America and the Caribbean","Central America",5680,15105,16466,20849,27696,27095,23106,18394,13864,10453,8797,6358,5285,4227,3482,5316,5243,14289,15758,20862,27430,26343,22349,18045,14373,10831,8405,5382,4577,3689,2912,4967
"213","El Salvador","Latin America and the Caribbean","Central America",2720,4767,2476,1241,1462,1653,1538,1178,1061,780,696,657,567,461,366,595,2791,4426,2498,1527,1839,2239,1954,1554,1251,1016,850,745,703,526,354,869
"214","Guatemala","Latin America and the Caribbean","Central America",9150,7525,8748,10620,12410,12893,11791,10223,7776,5763,4346,3903,3123,1875,1124,1345,7953,7076,9037,13620,19597,22595,20252,15804,10686,7202,5067,4374,3499,2098,1259,1523
"215","Honduras","Latin America and the Caribbean","Central America",5785,6905,10981,14067,15922,17623,16381,12714,8901,6855,5793,5370,4296,2579,1548,1853,7086,8756,14311,19035,20993,18646,12763,8195,5510,4229,3582,3342,2674,1603,961,1164
"216","Mexico","Latin America and the Caribbean","Central America",45954,47497,42512,32932,25931,28593,24508,21024,14385,12022,12186,11898,8608,6064,6014,8225,45720,47498,42617,33712,25949,28626,24672,20826,14172,11370,11176,11314,8570,5494,6001,9604
"217","Nicaragua","Latin America and the Caribbean","Central America",2749,3987,2367,1605,1451,1627,1554,1185,1111,970,692,471,296,255,200,340,2601,3813,2389,1820,1784,1949,1644,1080,896,741,524,356,230,214,185,335
"218","Panama","Latin America and the Caribbean","Central America",730,1311,1681,1963,2832,3514,3435,3248,2889,2319,1840,1512,1423,1407,1197,1847,708,1253,1576,1844,2718,3455,3387,3100,2495,1948,1464,1172,1054,1051,926,1445
"220","Argentina","Latin America and the Caribbean","South America",5979,15000,18608,23819,34312,43231,47222,54410,72001,69215,63815,59837,65835,74163,47744,92939,5668,14770,19115,26022,39000,49656,53739,59412,74218,68429,62460,59935,71830,76895,53725,126915
"221","Bolivia (Plurinational State of)","Latin America and the Caribbean","South America",3370,3776,2786,4039,3507,3686,3314,2994,2508,2022,1575,1128,972,703,473,696,3175,3615,2726,4114,3634,3797,3363,2844,2203,1673,1325,1003,871,635,468,763
"222","Brazil","Latin America and the Caribbean","South America",2426,4665,6129,8027,8646,12477,20202,28829,39244,37958,39213,43986,46686,44150,29872,53637,2361,4749,6265,8957,9879,11404,15084,21918,31835,27787,26095,30616,36892,39804,30902,67822
"223","Chile","Latin America and the Caribbean","South America",4690,5078,5806,4831,3153,3253,3467,3030,3035,2799,2476,2302,2542,2399,1744,3942,4456,4923,5681,4648,3033,3390,3505,3029,2679,2460,2102,1894,2122,2229,1855,4948
"224","Colombia","Latin America and the Caribbean","South America",6075,9088,7995,4654,3110,2925,2995,3009,2682,2273,1865,1666,1513,1141,815,1303,6020,9139,8212,5155,3618,3099,2736,2301,1988,1809,1569,1292,1253,1041,744,1192
"225","Ecuador","Latin America and the Caribbean","South America",1915,2555,3250,3301,3001,3253,3741,3955,3446,2597,2133,1628,1311,856,611,978,1787,2549,3478,3800,3798,4131,4379,4135,3342,2335,1770,1317,1110,770,550,881
"226","Falkland Islands (Malvinas)","Latin America and the Caribbean","South America",29,25,23,32,51,64,61,40,49,39,25,18,13,8,5,6,21,18,16,24,39,52,53,42,33,22,13,9,8,4,2,11
"227","French Guiana","Latin America and the Caribbean","South America",1082,2175,3522,3741,2557,2864,3887,4259,3698,2882,1988,825,619,372,168,204,877,1822,3035,3127,2220,2616,3622,3704,2696,2169,1391,558,418,250,112,152
"228","Guyana","Latin America and the Caribbean","South America",211,281,254,126,115,132,152,164,160,143,130,128,90,55,28,31,232,289,242,126,125,139,135,123,111,94,82,74,51,30,14,28
"229","Paraguay","Latin America and the Caribbean","South America",5501,8588,9766,11857,11365,10391,9444,8350,7177,5551,4469,3222,2577,1858,1150,1550,5246,8278,9612,11743,10998,9621,8351,7103,5833,4308,3352,2462,2022,1550,1055,1534
"230","Peru","Latin America and the Caribbean","South America",2225,2076,1872,1993,2176,2443,2593,2427,2289,2151,1880,1671,1594,1376,1667,2105,2117,1938,1734,1837,1995,2228,2333,2212,2166,2116,1923,1757,1732,1590,2057,2752
"231","Suriname","Latin America and the Caribbean","South America",709,821,880,850,832,881,858,780,651,565,485,399,353,303,169,195,675,761,799,777,815,868,779,635,492,399,322,251,229,221,122,155
"232","Uruguay","Latin America and the Caribbean","South America",2088,1929,1747,1641,1542,1868,2680,3121,2699,2274,2572,3148,3623,3454,3909,7535,1961,1827,1673,1681,1733,2231,3262,3848,3262,2564,2688,3288,3725,3502,4142,10899
"233","Venezuela (Bolivarian Republic of)","Latin America and the Caribbean","South America",9765,8827,11958,18868,28187,38023,48599,57972,60761,54165,46644,39255,34008,27751,17793,15003,9551,8620,11697,18487,27628,37279,47651,56845,59599,53112,45737,38494,33350,27212,17452,14716
"235","Bermuda","Latin America and the Caribbean","Northern America",172,257,258,232,524,1095,1121,922,781,606,392,325,267,192,179,234,184,266,255,221,494,1067,1084,897,776,684,482,419,368,286,232,411
"236","Canada","Latin America and the Caribbean","Northern America",20165,46095,61822,87683,129137,174549,186242,200399,231633,193825,167428,152799,139235,111705,97436,109499,18884,43268,58084,83648,128693,180854,196576,210623,236494,190184,160521,147454,150575,137411,120590,159807
"237","Greenland","Latin America and the Caribbean","Northern America",174,274,275,238,477,758,779,823,968,862,477,256,120,56,18,10,169,221,262,197,235,358,350,317,289,238,112,54,27,8,3,11
"238","Saint Pierre and Miquelon","Latin America and the Caribbean","Northern America",29,45,49,33,31,50,65,62,60,54,35,17,7,6,6,11,26,44,62,34,28,43,60,56,28,32,28,16,22,21,13,26
"239","United States of America","Latin America and the Caribbean","Northern America",157239,293929,452385,733342,1147291,1411029,1394335,1184091,1004873,768134,633584,490284,433934,387311,245511,635713,149850,278726,413599,633440,966898,1221422,1291759,1168838,1056972,855749,744709,616802,577148,536726,369201,996202
"242","Australia","Oceania","Australia and New Zealand",17608,47393,67132,84074,119448,162756,190369,192274,219099,202213,168370,141075,125341,109735,76014,90295,16390,44878,62128,79067,117220,165448,190333,193379,207964,178783,143393,121817,108023,105855,81196,126143
"243","New Zealand","Oceania","Australia and New Zealand",4936,9771,10545,13070,16240,20359,22000,22141,25037,21217,18945,17517,18306,14424,9787,13928,4792,9073,10129,12532,17128,22372,23032,22597,23971,19477,16981,15146,14563,14364,11588,22079
"245","Fiji","Oceania","Melanesia",459,419,403,431,509,565,554,545,528,514,470,452,363,250,169,216,475,387,333,325,452,617,663,585,505,460,403,381,306,209,141,194
"246","New Caledonia","Oceania","Melanesia",509,960,1120,1093,969,1241,1831,2258,2310,1790,1839,1720,1619,643,417,566,478,883,990,931,807,1028,1531,1891,1895,1393,1341,1217,1161,465,336,441
"247","Papua New Guinea","Oceania","Melanesia",1291,1493,1223,967,997,1541,1823,2096,1995,1807,1555,974,566,279,116,70,1316,1487,1313,903,808,1151,1317,1445,1267,1024,819,486,304,154,74,59
"248","Solomon Islands","Oceania","Melanesia",114,109,81,83,198,303,317,276,227,185,171,109,84,41,20,31,127,110,70,74,188,299,258,187,143,109,110,78,58,29,13,24
"249","Vanuatu","Oceania","Melanesia",109,91,74,62,86,129,144,143,133,95,67,46,34,21,15,20,91,78,67,57,81,114,123,110,93,68,48,32,26,20,13,18
"251","Guam","Oceania","Micronesia",1840,2272,2027,2770,5689,5068,4463,3854,3086,2191,1668,1365,1367,922,420,362,1793,2137,1949,2186,3504,3908,3529,2842,2268,1525,1333,1136,953,603,387,338
"252","Kiribati","Oceania","Micronesia",96,124,144,128,101,99,95,87,73,47,40,31,16,11,8,7,97,121,139,141,103,94,85,76,66,38,26,22,15,10,6,16
"253","Marshall Islands","Oceania","Micronesia",47,40,32,36,65,91,97,90,72,47,33,24,21,12,4,10,38,24,20,23,42,57,59,51,38,25,15,11,8,8,5,13
"254","Micronesia (Federated States of)","Oceania","Micronesia",122,107,88,121,210,278,293,267,222,160,99,58,36,15,8,15,121,113,144,219,255,196,135,111,89,72,54,36,20,8,4,9
"255","Nauru","Oceania","Micronesia",100,89,81,85,135,180,188,172,142,99,73,55,42,30,17,18,99,73,60,64,118,174,182,159,125,84,54,37,30,21,11,18
"256","Northern Mariana Islands","Oceania","Micronesia",322,452,368,434,1472,2235,2751,2161,1671,1125,639,332,143,88,41,27,309,438,438,739,2512,2804,2048,1233,754,428,255,150,77,60,39,48
"257","Palau","Oceania","Micronesia",81,83,78,87,171,263,279,253,200,135,80,42,26,9,5,8,64,59,61,70,135,174,149,114,80,46,23,10,8,3,2,3
"259","American Samoa","Oceania","Polynesia",451,759,995,1114,1453,1450,1299,971,748,584,483,309,231,142,101,85,411,690,914,1075,1474,1399,1183,841,619,442,340,221,186,134,96,83
"260","Cook Islands","Oceania","Polynesia",198,213,186,144,121,101,99,84,77,57,44,38,25,19,16,21,165,173,147,118,101,85,78,60,48,36,29,27,18,18,15,26
"261","French Polynesia","Oceania","Polynesia",801,1055,1078,1119,1356,1632,1906,1802,1513,972,851,495,367,253,117,127,566,752,769,768,894,1081,1311,1233,952,564,521,339,221,137,103,175
"262","Niue","Oceania","Polynesia",29,29,28,25,18,18,21,20,15,12,11,8,5,3,1,2,33,32,31,23,17,17,17,12,7,5,4,3,5,4,3,3
"263","Samoa","Oceania","Polynesia",272,283,262,162,106,95,98,88,82,54,61,48,51,34,33,42,242,238,217,158,110,102,107,74,62,40,48,40,43,34,31,40
"265","Tonga","Oceania","Polynesia",233,186,146,123,114,107,101,89,75,62,59,53,65,36,24,15,206,179,154,134,126,115,103,84,66,49,44,40,50,37,13,23
"266","Tuvalu","Oceania","Polynesia",8,7,10,9,26,26,21,18,13,10,8,6,7,6,3,2,8,7,6,8,13,15,14,13,10,9,9,7,7,6,4,2
"267","Wallis and Futuna Islands","Oceania","Polynesia",71,81,99,94,84,76,62,42,31,24,21,17,12,4,2,6,70,80,98,94,82,71,52,37,23,18,15,12,9,8,3,4
